step,epoch,loss,weighted_loss
1,0,4.514249086380005,4.514248847961426
2,0,0.845300704240799,0.8453006744384766
3,0,0.028577697463333607,0.028577696532011032
4,0,0.0033484199630038347,0.0033484199084341526
5,0,0.0004529189463937655,0.0004529189318418503
6,0,0.02526969346217811,0.02526969276368618
7,0,0.00022787338093621656,0.00022787338821217418
8,0,0.001615036468137987,0.0016150365117937326
