step,epoch,loss,weighted_loss
1,0,4.514249086380005,4.048232555389404
2,0,0.9520845115184784,1.1264641284942627
3,0,0.03632341185584664,0.03632340952754021
4,0,0.0029952276763651753,0.00402970053255558
5,0,0.0006955407152418047,0.0007158128428272903
6,0,0.024523074738681316,0.019220197573304176
7,0,0.0005097485554870218,0.000659534998703748
8,0,0.0021571704419329762,0.0019192504696547985
