{
  "spearman_influence_vs_accuracy": {
    "rho": -0.6682079655403418,
    "p": 0.024615261604952657,
    "n": 11
  },
  "spearman_influence_vs_logprob": {
    "rho": -0.990909090909091,
    "p": 3.762571807085399e-09,
    "n": 11
  }
}