{
  "spearman_influence_vs_accuracy": {
    "rho": 0.10787197799411874,
    "p": 0.7522313406523649,
    "n": 11
  },
  "spearman_influence_vs_logprob": {
    "rho": 0.3545454545454546,
    "p": 0.2846927409558867,
    "n": 11
  }
}