{
  "spearman_influence_vs_accuracy": {
    "rho": -0.44749324967767873,
    "p": 0.16755265305915112,
    "n": 11
  },
  "spearman_influence_vs_logprob": {
    "rho": -0.9727272727272729,
    "p": 5.14217704904919e-07,
    "n": 11
  }
}